<annotation>
	<folder>img</folder>
	<filename>0.8efc1ad0-a2dd-11eb-aa18-302432ef85a7.jpg</filename>
	<path>C:\Object_detection\models-master\research\object_detection\img\0.8efc1ad0-a2dd-11eb-aa18-302432ef85a7.jpg</path>
	<source>
		<database>Unknown</database>
	</source>
	<size>
		<width>640</width>
		<height>480</height>
		<depth>3</depth>
	</size>
	<segmented>0</segmented>
	<object>
		<name>0</name>
		<pose>Unspecified</pose>
		<truncated>0</truncated>
		<difficult>0</difficult>
		<bndbox>
			<xmin>230</xmin>
			<ymin>172</ymin>
			<xmax>424</xmax>
			<ymax>417</ymax>
		</bndbox>
	</object>
</annotation>
