<annotation>
	<folder>img</folder>
	<filename>1.1cd8ec10-a2ee-11eb-933b-302432ef85a7.jpg</filename>
	<path>C:\Object_detection\models-master\research\object_detection\img\1.1cd8ec10-a2ee-11eb-933b-302432ef85a7.jpg</path>
	<source>
		<database>Unknown</database>
	</source>
	<size>
		<width>640</width>
		<height>480</height>
		<depth>3</depth>
	</size>
	<segmented>0</segmented>
	<object>
		<name>1</name>
		<pose>Unspecified</pose>
		<truncated>0</truncated>
		<difficult>0</difficult>
		<bndbox>
			<xmin>409</xmin>
			<ymin>63</ymin>
			<xmax>634</xmax>
			<ymax>434</ymax>
		</bndbox>
	</object>
</annotation>
