<annotation>
	<folder>img</folder>
	<filename>1.1e0c114a-a2ee-11eb-85b4-302432ef85a7.jpg</filename>
	<path>C:\Object_detection\models-master\research\object_detection\img\1.1e0c114a-a2ee-11eb-85b4-302432ef85a7.jpg</path>
	<source>
		<database>Unknown</database>
	</source>
	<size>
		<width>640</width>
		<height>480</height>
		<depth>3</depth>
	</size>
	<segmented>0</segmented>
	<object>
		<name>1</name>
		<pose>Unspecified</pose>
		<truncated>0</truncated>
		<difficult>0</difficult>
		<bndbox>
			<xmin>232</xmin>
			<ymin>28</ymin>
			<xmax>461</xmax>
			<ymax>386</ymax>
		</bndbox>
	</object>
</annotation>
