<annotation>
	<folder>img</folder>
	<filename>1.1f40162c-a2ee-11eb-a84c-302432ef85a7.jpg</filename>
	<path>C:\Object_detection\models-master\research\object_detection\img\1.1f40162c-a2ee-11eb-a84c-302432ef85a7.jpg</path>
	<source>
		<database>Unknown</database>
	</source>
	<size>
		<width>640</width>
		<height>480</height>
		<depth>3</depth>
	</size>
	<segmented>0</segmented>
	<object>
		<name>1</name>
		<pose>Unspecified</pose>
		<truncated>1</truncated>
		<difficult>0</difficult>
		<bndbox>
			<xmin>386</xmin>
			<ymin>1</ymin>
			<xmax>616</xmax>
			<ymax>341</ymax>
		</bndbox>
	</object>
</annotation>
