<annotation>
	<folder>img</folder>
	<filename>2.2dabb4f8-a2ee-11eb-96cb-302432ef85a7.jpg</filename>
	<path>C:\Object_detection\models-master\research\object_detection\img\2.2dabb4f8-a2ee-11eb-96cb-302432ef85a7.jpg</path>
	<source>
		<database>Unknown</database>
	</source>
	<size>
		<width>640</width>
		<height>480</height>
		<depth>3</depth>
	</size>
	<segmented>0</segmented>
	<object>
		<name>2</name>
		<pose>Unspecified</pose>
		<truncated>0</truncated>
		<difficult>0</difficult>
		<bndbox>
			<xmin>179</xmin>
			<ymin>93</ymin>
			<xmax>419</xmax>
			<ymax>433</ymax>
		</bndbox>
	</object>
</annotation>
