<annotation>
	<folder>img</folder>
	<filename>2.314bfd68-a2ee-11eb-81fd-302432ef85a7.jpg</filename>
	<path>C:\Object_detection\models-master\research\object_detection\img\2.314bfd68-a2ee-11eb-81fd-302432ef85a7.jpg</path>
	<source>
		<database>Unknown</database>
	</source>
	<size>
		<width>640</width>
		<height>480</height>
		<depth>3</depth>
	</size>
	<segmented>0</segmented>
	<object>
		<name>2</name>
		<pose>Unspecified</pose>
		<truncated>1</truncated>
		<difficult>0</difficult>
		<bndbox>
			<xmin>386</xmin>
			<ymin>5</ymin>
			<xmax>640</xmax>
			<ymax>385</ymax>
		</bndbox>
	</object>
</annotation>
