<annotation>
	<folder>img</folder>
	<filename>2.34e92aca-a2ee-11eb-8841-302432ef85a7.jpg</filename>
	<path>C:\Object_detection\models-master\research\object_detection\img\2.34e92aca-a2ee-11eb-8841-302432ef85a7.jpg</path>
	<source>
		<database>Unknown</database>
	</source>
	<size>
		<width>640</width>
		<height>480</height>
		<depth>3</depth>
	</size>
	<segmented>0</segmented>
	<object>
		<name>2</name>
		<pose>Unspecified</pose>
		<truncated>0</truncated>
		<difficult>0</difficult>
		<bndbox>
			<xmin>184</xmin>
			<ymin>57</ymin>
			<xmax>472</xmax>
			<ymax>429</ymax>
		</bndbox>
	</object>
</annotation>
