<annotation>
	<folder>img</folder>
	<filename>3.40e98f06-a2ee-11eb-aef1-302432ef85a7.jpg</filename>
	<path>C:\Object_detection\models-master\research\object_detection\img\3.40e98f06-a2ee-11eb-aef1-302432ef85a7.jpg</path>
	<source>
		<database>Unknown</database>
	</source>
	<size>
		<width>640</width>
		<height>480</height>
		<depth>3</depth>
	</size>
	<segmented>0</segmented>
	<object>
		<name>3</name>
		<pose>Unspecified</pose>
		<truncated>0</truncated>
		<difficult>0</difficult>
		<bndbox>
			<xmin>142</xmin>
			<ymin>136</ymin>
			<xmax>378</xmax>
			<ymax>425</ymax>
		</bndbox>
	</object>
</annotation>
