<annotation>
	<folder>img</folder>
	<filename>3.45bd72b6-a2ee-11eb-9ff3-302432ef85a7.jpg</filename>
	<path>C:\Object_detection\models-master\research\object_detection\img\3.45bd72b6-a2ee-11eb-9ff3-302432ef85a7.jpg</path>
	<source>
		<database>Unknown</database>
	</source>
	<size>
		<width>640</width>
		<height>480</height>
		<depth>3</depth>
	</size>
	<segmented>0</segmented>
	<object>
		<name>3</name>
		<pose>Unspecified</pose>
		<truncated>0</truncated>
		<difficult>0</difficult>
		<bndbox>
			<xmin>53</xmin>
			<ymin>85</ymin>
			<xmax>299</xmax>
			<ymax>395</ymax>
		</bndbox>
	</object>
</annotation>
