<annotation>
	<folder>img</folder>
	<filename>4.696bb494-a2ee-11eb-926d-302432ef85a7.jpg</filename>
	<path>C:\Object_detection\models-master\research\object_detection\img\4.696bb494-a2ee-11eb-926d-302432ef85a7.jpg</path>
	<source>
		<database>Unknown</database>
	</source>
	<size>
		<width>640</width>
		<height>480</height>
		<depth>3</depth>
	</size>
	<segmented>0</segmented>
	<object>
		<name>4</name>
		<pose>Unspecified</pose>
		<truncated>0</truncated>
		<difficult>0</difficult>
		<bndbox>
			<xmin>240</xmin>
			<ymin>72</ymin>
			<xmax>473</xmax>
			<ymax>393</ymax>
		</bndbox>
	</object>
</annotation>
