<annotation>
	<folder>img</folder>
	<filename>4.6aa28b1c-a2ee-11eb-8f6e-302432ef85a7.jpg</filename>
	<path>C:\Object_detection\models-master\research\object_detection\img\4.6aa28b1c-a2ee-11eb-8f6e-302432ef85a7.jpg</path>
	<source>
		<database>Unknown</database>
	</source>
	<size>
		<width>640</width>
		<height>480</height>
		<depth>3</depth>
	</size>
	<segmented>0</segmented>
	<object>
		<name>4</name>
		<pose>Unspecified</pose>
		<truncated>0</truncated>
		<difficult>0</difficult>
		<bndbox>
			<xmin>172</xmin>
			<ymin>81</ymin>
			<xmax>418</xmax>
			<ymax>391</ymax>
		</bndbox>
	</object>
</annotation>
