<annotation>
	<folder>img</folder>
	<filename>4.6f74f068-a2ee-11eb-973f-302432ef85a7.jpg</filename>
	<path>C:\Object_detection\models-master\research\object_detection\img\4.6f74f068-a2ee-11eb-973f-302432ef85a7.jpg</path>
	<source>
		<database>Unknown</database>
	</source>
	<size>
		<width>640</width>
		<height>480</height>
		<depth>3</depth>
	</size>
	<segmented>0</segmented>
	<object>
		<name>4</name>
		<pose>Unspecified</pose>
		<truncated>0</truncated>
		<difficult>0</difficult>
		<bndbox>
			<xmin>153</xmin>
			<ymin>76</ymin>
			<xmax>375</xmax>
			<ymax>350</ymax>
		</bndbox>
	</object>
</annotation>
