<annotation>
	<folder>img</folder>
	<filename>5.7a42da18-a2ee-11eb-b356-302432ef85a7.jpg</filename>
	<path>C:\Object_detection\models-master\research\object_detection\img\5.7a42da18-a2ee-11eb-b356-302432ef85a7.jpg</path>
	<source>
		<database>Unknown</database>
	</source>
	<size>
		<width>640</width>
		<height>480</height>
		<depth>3</depth>
	</size>
	<segmented>0</segmented>
	<object>
		<name>5</name>
		<pose>Unspecified</pose>
		<truncated>0</truncated>
		<difficult>0</difficult>
		<bndbox>
			<xmin>106</xmin>
			<ymin>122</ymin>
			<xmax>432</xmax>
			<ymax>479</ymax>
		</bndbox>
	</object>
</annotation>
