<annotation>
	<folder>img</folder>
	<filename>5.7cb36f7e-a2ee-11eb-982e-302432ef85a7.jpg</filename>
	<path>C:\Object_detection\models-master\research\object_detection\img\5.7cb36f7e-a2ee-11eb-982e-302432ef85a7.jpg</path>
	<source>
		<database>Unknown</database>
	</source>
	<size>
		<width>640</width>
		<height>480</height>
		<depth>3</depth>
	</size>
	<segmented>0</segmented>
	<object>
		<name>5</name>
		<pose>Unspecified</pose>
		<truncated>1</truncated>
		<difficult>0</difficult>
		<bndbox>
			<xmin>22</xmin>
			<ymin>81</ymin>
			<xmax>338</xmax>
			<ymax>480</ymax>
		</bndbox>
	</object>
</annotation>
