<annotation>
	<folder>img</folder>
	<filename>5.83f20e10-a2ee-11eb-b423-302432ef85a7.jpg</filename>
	<path>C:\Object_detection\models-master\research\object_detection\img\5.83f20e10-a2ee-11eb-b423-302432ef85a7.jpg</path>
	<source>
		<database>Unknown</database>
	</source>
	<size>
		<width>640</width>
		<height>480</height>
		<depth>3</depth>
	</size>
	<segmented>0</segmented>
	<object>
		<name>5</name>
		<pose>Unspecified</pose>
		<truncated>1</truncated>
		<difficult>0</difficult>
		<bndbox>
			<xmin>47</xmin>
			<ymin>78</ymin>
			<xmax>368</xmax>
			<ymax>480</ymax>
		</bndbox>
	</object>
</annotation>
