<annotation>
	<folder>img</folder>
	<filename>A.c5a05f3a-a2db-11eb-afdc-302432ef85a7.jpg</filename>
	<path>C:\Object_detection\models-master\research\object_detection\img\A.c5a05f3a-a2db-11eb-afdc-302432ef85a7.jpg</path>
	<source>
		<database>Unknown</database>
	</source>
	<size>
		<width>640</width>
		<height>480</height>
		<depth>3</depth>
	</size>
	<segmented>0</segmented>
	<object>
		<name>A</name>
		<pose>Unspecified</pose>
		<truncated>0</truncated>
		<difficult>0</difficult>
		<bndbox>
			<xmin>231</xmin>
			<ymin>112</ymin>
			<xmax>448</xmax>
			<ymax>357</ymax>
		</bndbox>
	</object>
</annotation>
