<annotation>
	<folder>img</folder>
	<filename>A.c6d8aaa8-a2db-11eb-8ade-302432ef85a7.jpg</filename>
	<path>C:\Object_detection\models-master\research\object_detection\img\A.c6d8aaa8-a2db-11eb-8ade-302432ef85a7.jpg</path>
	<source>
		<database>Unknown</database>
	</source>
	<size>
		<width>640</width>
		<height>480</height>
		<depth>3</depth>
	</size>
	<segmented>0</segmented>
	<object>
		<name>A</name>
		<pose>Unspecified</pose>
		<truncated>0</truncated>
		<difficult>0</difficult>
		<bndbox>
			<xmin>115</xmin>
			<ymin>106</ymin>
			<xmax>325</xmax>
			<ymax>340</ymax>
		</bndbox>
	</object>
</annotation>
