<annotation>
	<folder>img</folder>
	<filename>A.c945d6f0-a2db-11eb-8520-302432ef85a7.jpg</filename>
	<path>C:\Object_detection\models-master\research\object_detection\img\A.c945d6f0-a2db-11eb-8520-302432ef85a7.jpg</path>
	<source>
		<database>Unknown</database>
	</source>
	<size>
		<width>640</width>
		<height>480</height>
		<depth>3</depth>
	</size>
	<segmented>0</segmented>
	<object>
		<name>A</name>
		<pose>Unspecified</pose>
		<truncated>0</truncated>
		<difficult>0</difficult>
		<bndbox>
			<xmin>10</xmin>
			<ymin>93</ymin>
			<xmax>229</xmax>
			<ymax>338</ymax>
		</bndbox>
	</object>
</annotation>
