<annotation>
	<folder>img</folder>
	<filename>A.ca79d67e-a2db-11eb-8f1e-302432ef85a7.jpg</filename>
	<path>C:\Object_detection\models-master\research\object_detection\img\A.ca79d67e-a2db-11eb-8f1e-302432ef85a7.jpg</path>
	<source>
		<database>Unknown</database>
	</source>
	<size>
		<width>640</width>
		<height>480</height>
		<depth>3</depth>
	</size>
	<segmented>0</segmented>
	<object>
		<name>A</name>
		<pose>Unspecified</pose>
		<truncated>0</truncated>
		<difficult>0</difficult>
		<bndbox>
			<xmin>190</xmin>
			<ymin>61</ymin>
			<xmax>429</xmax>
			<ymax>325</ymax>
		</bndbox>
	</object>
</annotation>
