<annotation>
	<folder>img</folder>
	<filename>B.db56772e-a2db-11eb-a6cf-302432ef85a7.jpg</filename>
	<path>C:\Object_detection\models-master\research\object_detection\img\B.db56772e-a2db-11eb-a6cf-302432ef85a7.jpg</path>
	<source>
		<database>Unknown</database>
	</source>
	<size>
		<width>640</width>
		<height>480</height>
		<depth>3</depth>
	</size>
	<segmented>0</segmented>
	<object>
		<name>B</name>
		<pose>Unspecified</pose>
		<truncated>1</truncated>
		<difficult>0</difficult>
		<bndbox>
			<xmin>103</xmin>
			<ymin>1</ymin>
			<xmax>294</xmax>
			<ymax>343</ymax>
		</bndbox>
	</object>
</annotation>
