<annotation>
	<folder>img</folder>
	<filename>B.ddbf7a58-a2db-11eb-8b15-302432ef85a7.jpg</filename>
	<path>C:\Object_detection\models-master\research\object_detection\img\B.ddbf7a58-a2db-11eb-8b15-302432ef85a7.jpg</path>
	<source>
		<database>Unknown</database>
	</source>
	<size>
		<width>640</width>
		<height>480</height>
		<depth>3</depth>
	</size>
	<segmented>0</segmented>
	<object>
		<name>B</name>
		<pose>Unspecified</pose>
		<truncated>0</truncated>
		<difficult>0</difficult>
		<bndbox>
			<xmin>66</xmin>
			<ymin>39</ymin>
			<xmax>283</xmax>
			<ymax>445</ymax>
		</bndbox>
	</object>
</annotation>
