<annotation>
	<folder>img</folder>
	<filename>C.ee9ff8ee-a2db-11eb-af86-302432ef85a7.jpg</filename>
	<path>C:\Object_detection\models-master\research\object_detection\img\C.ee9ff8ee-a2db-11eb-af86-302432ef85a7.jpg</path>
	<source>
		<database>Unknown</database>
	</source>
	<size>
		<width>640</width>
		<height>480</height>
		<depth>3</depth>
	</size>
	<segmented>0</segmented>
	<object>
		<name>C</name>
		<pose>Unspecified</pose>
		<truncated>0</truncated>
		<difficult>0</difficult>
		<bndbox>
			<xmin>165</xmin>
			<ymin>45</ymin>
			<xmax>410</xmax>
			<ymax>363</ymax>
		</bndbox>
	</object>
</annotation>
