<annotation>
	<folder>img</folder>
	<filename>C.f23f799e-a2db-11eb-8c22-302432ef85a7.jpg</filename>
	<path>C:\Object_detection\models-master\research\object_detection\img\C.f23f799e-a2db-11eb-8c22-302432ef85a7.jpg</path>
	<source>
		<database>Unknown</database>
	</source>
	<size>
		<width>640</width>
		<height>480</height>
		<depth>3</depth>
	</size>
	<segmented>0</segmented>
	<object>
		<name>C</name>
		<pose>Unspecified</pose>
		<truncated>0</truncated>
		<difficult>0</difficult>
		<bndbox>
			<xmin>138</xmin>
			<ymin>116</ymin>
			<xmax>333</xmax>
			<ymax>418</ymax>
		</bndbox>
	</object>
</annotation>
