<annotation>
	<folder>img</folder>
	<filename>C.f5e13c90-a2db-11eb-bb05-302432ef85a7.jpg</filename>
	<path>C:\Object_detection\models-master\research\object_detection\img\C.f5e13c90-a2db-11eb-bb05-302432ef85a7.jpg</path>
	<source>
		<database>Unknown</database>
	</source>
	<size>
		<width>640</width>
		<height>480</height>
		<depth>3</depth>
	</size>
	<segmented>0</segmented>
	<object>
		<name>C</name>
		<pose>Unspecified</pose>
		<truncated>0</truncated>
		<difficult>0</difficult>
		<bndbox>
			<xmin>90</xmin>
			<ymin>45</ymin>
			<xmax>314</xmax>
			<ymax>348</ymax>
		</bndbox>
	</object>
</annotation>
