<annotation>
	<folder>img</folder>
	<filename>D.00b49018-a2dc-11eb-ba8e-302432ef85a7.jpg</filename>
	<path>C:\Object_detection\models-master\research\object_detection\img\D.00b49018-a2dc-11eb-ba8e-302432ef85a7.jpg</path>
	<source>
		<database>Unknown</database>
	</source>
	<size>
		<width>640</width>
		<height>480</height>
		<depth>3</depth>
	</size>
	<segmented>0</segmented>
	<object>
		<name>D</name>
		<pose>Unspecified</pose>
		<truncated>1</truncated>
		<difficult>0</difficult>
		<bndbox>
			<xmin>38</xmin>
			<ymin>1</ymin>
			<xmax>223</xmax>
			<ymax>380</ymax>
		</bndbox>
	</object>
</annotation>
