<annotation>
	<folder>img</folder>
	<filename>D.09287c98-a2dc-11eb-9316-302432ef85a7.jpg</filename>
	<path>C:\Object_detection\models-master\research\object_detection\img\D.09287c98-a2dc-11eb-9316-302432ef85a7.jpg</path>
	<source>
		<database>Unknown</database>
	</source>
	<size>
		<width>640</width>
		<height>480</height>
		<depth>3</depth>
	</size>
	<segmented>0</segmented>
	<object>
		<name>D</name>
		<pose>Unspecified</pose>
		<truncated>1</truncated>
		<difficult>0</difficult>
		<bndbox>
			<xmin>1</xmin>
			<ymin>77</ymin>
			<xmax>154</xmax>
			<ymax>408</ymax>
		</bndbox>
	</object>
</annotation>
