<annotation>
	<folder>img</folder>
	<filename>D.fbdae1dc-a2db-11eb-abab-302432ef85a7.jpg</filename>
	<path>C:\Object_detection\models-master\research\object_detection\img\D.fbdae1dc-a2db-11eb-abab-302432ef85a7.jpg</path>
	<source>
		<database>Unknown</database>
	</source>
	<size>
		<width>640</width>
		<height>480</height>
		<depth>3</depth>
	</size>
	<segmented>0</segmented>
	<object>
		<name>D</name>
		<pose>Unspecified</pose>
		<truncated>0</truncated>
		<difficult>0</difficult>
		<bndbox>
			<xmin>140</xmin>
			<ymin>19</ymin>
			<xmax>318</xmax>
			<ymax>391</ymax>
		</bndbox>
	</object>
</annotation>
