<annotation>
	<folder>img</folder>
	<filename>D.fd10d680-a2db-11eb-8b73-302432ef85a7.jpg</filename>
	<path>C:\Object_detection\models-master\research\object_detection\img\D.fd10d680-a2db-11eb-8b73-302432ef85a7.jpg</path>
	<source>
		<database>Unknown</database>
	</source>
	<size>
		<width>640</width>
		<height>480</height>
		<depth>3</depth>
	</size>
	<segmented>0</segmented>
	<object>
		<name>D</name>
		<pose>Unspecified</pose>
		<truncated>0</truncated>
		<difficult>0</difficult>
		<bndbox>
			<xmin>137</xmin>
			<ymin>12</ymin>
			<xmax>315</xmax>
			<ymax>392</ymax>
		</bndbox>
	</object>
</annotation>
