<annotation>
	<folder>img</folder>
	<filename>E.156d9adc-a2dc-11eb-ac4c-302432ef85a7.jpg</filename>
	<path>C:\Object_detection\models-master\research\object_detection\img\E.156d9adc-a2dc-11eb-ac4c-302432ef85a7.jpg</path>
	<source>
		<database>Unknown</database>
	</source>
	<size>
		<width>640</width>
		<height>480</height>
		<depth>3</depth>
	</size>
	<segmented>0</segmented>
	<object>
		<name>E</name>
		<pose>Unspecified</pose>
		<truncated>1</truncated>
		<difficult>0</difficult>
		<bndbox>
			<xmin>1</xmin>
			<ymin>79</ymin>
			<xmax>220</xmax>
			<ymax>390</ymax>
		</bndbox>
	</object>
</annotation>
