<annotation>
	<folder>img</folder>
	<filename>E.17d7f218-a2dc-11eb-9c2a-302432ef85a7.jpg</filename>
	<path>C:\Object_detection\models-master\research\object_detection\img\E.17d7f218-a2dc-11eb-9c2a-302432ef85a7.jpg</path>
	<source>
		<database>Unknown</database>
	</source>
	<size>
		<width>640</width>
		<height>480</height>
		<depth>3</depth>
	</size>
	<segmented>0</segmented>
	<object>
		<name>E</name>
		<pose>Unspecified</pose>
		<truncated>0</truncated>
		<difficult>0</difficult>
		<bndbox>
			<xmin>103</xmin>
			<ymin>167</ymin>
			<xmax>282</xmax>
			<ymax>412</ymax>
		</bndbox>
	</object>
</annotation>
