<annotation>
	<folder>img</folder>
	<filename>F.23e60552-a2dc-11eb-b83e-302432ef85a7.jpg</filename>
	<path>C:\Object_detection\models-master\research\object_detection\img\F.23e60552-a2dc-11eb-b83e-302432ef85a7.jpg</path>
	<source>
		<database>Unknown</database>
	</source>
	<size>
		<width>640</width>
		<height>480</height>
		<depth>3</depth>
	</size>
	<segmented>0</segmented>
	<object>
		<name>F</name>
		<pose>Unspecified</pose>
		<truncated>0</truncated>
		<difficult>0</difficult>
		<bndbox>
			<xmin>23</xmin>
			<ymin>67</ymin>
			<xmax>257</xmax>
			<ymax>451</ymax>
		</bndbox>
	</object>
</annotation>
