<annotation>
	<folder>img</folder>
	<filename>F.28bd3f36-a2dc-11eb-8b4f-302432ef85a7.jpg</filename>
	<path>C:\Object_detection\models-master\research\object_detection\img\F.28bd3f36-a2dc-11eb-8b4f-302432ef85a7.jpg</path>
	<source>
		<database>Unknown</database>
	</source>
	<size>
		<width>640</width>
		<height>480</height>
		<depth>3</depth>
	</size>
	<segmented>0</segmented>
	<object>
		<name>F</name>
		<pose>Unspecified</pose>
		<truncated>1</truncated>
		<difficult>0</difficult>
		<bndbox>
			<xmin>205</xmin>
			<ymin>92</ymin>
			<xmax>443</xmax>
			<ymax>480</ymax>
		</bndbox>
	</object>
</annotation>
