<annotation>
	<folder>img</folder>
	<filename>G.338d4d58-a2dc-11eb-b36a-302432ef85a7.jpg</filename>
	<path>C:\Object_detection\models-master\research\object_detection\img\G.338d4d58-a2dc-11eb-b36a-302432ef85a7.jpg</path>
	<source>
		<database>Unknown</database>
	</source>
	<size>
		<width>640</width>
		<height>480</height>
		<depth>3</depth>
	</size>
	<segmented>0</segmented>
	<object>
		<name>G</name>
		<pose>Unspecified</pose>
		<truncated>0</truncated>
		<difficult>0</difficult>
		<bndbox>
			<xmin>126</xmin>
			<ymin>132</ymin>
			<xmax>374</xmax>
			<ymax>451</ymax>
		</bndbox>
	</object>
</annotation>
