<annotation>
	<folder>img</folder>
	<filename>G.34c2d370-a2dc-11eb-ba24-302432ef85a7.jpg</filename>
	<path>C:\Object_detection\models-master\research\object_detection\img\G.34c2d370-a2dc-11eb-ba24-302432ef85a7.jpg</path>
	<source>
		<database>Unknown</database>
	</source>
	<size>
		<width>640</width>
		<height>480</height>
		<depth>3</depth>
	</size>
	<segmented>0</segmented>
	<object>
		<name>G</name>
		<pose>Unspecified</pose>
		<truncated>0</truncated>
		<difficult>0</difficult>
		<bndbox>
			<xmin>21</xmin>
			<ymin>164</ymin>
			<xmax>271</xmax>
			<ymax>478</ymax>
		</bndbox>
	</object>
</annotation>
