<annotation>
	<folder>img</folder>
	<filename>G.372d40e6-a2dc-11eb-a7f0-302432ef85a7.jpg</filename>
	<path>C:\Object_detection\models-master\research\object_detection\img\G.372d40e6-a2dc-11eb-a7f0-302432ef85a7.jpg</path>
	<source>
		<database>Unknown</database>
	</source>
	<size>
		<width>640</width>
		<height>480</height>
		<depth>3</depth>
	</size>
	<segmented>0</segmented>
	<object>
		<name>G</name>
		<pose>Unspecified</pose>
		<truncated>0</truncated>
		<difficult>0</difficult>
		<bndbox>
			<xmin>127</xmin>
			<ymin>73</ymin>
			<xmax>407</xmax>
			<ymax>428</ymax>
		</bndbox>
	</object>
</annotation>
