<annotation>
	<folder>img</folder>
	<filename>G.3c023576-a2dc-11eb-a18d-302432ef85a7.jpg</filename>
	<path>C:\Object_detection\models-master\research\object_detection\img\G.3c023576-a2dc-11eb-a18d-302432ef85a7.jpg</path>
	<source>
		<database>Unknown</database>
	</source>
	<size>
		<width>640</width>
		<height>480</height>
		<depth>3</depth>
	</size>
	<segmented>0</segmented>
	<object>
		<name>G</name>
		<pose>Unspecified</pose>
		<truncated>0</truncated>
		<difficult>0</difficult>
		<bndbox>
			<xmin>177</xmin>
			<ymin>75</ymin>
			<xmax>448</xmax>
			<ymax>395</ymax>
		</bndbox>
	</object>
</annotation>
