<annotation>
	<folder>img</folder>
	<filename>H.4ce0d994-a2dc-11eb-8dc6-302432ef85a7.jpg</filename>
	<path>C:\Object_detection\models-master\research\object_detection\img\H.4ce0d994-a2dc-11eb-8dc6-302432ef85a7.jpg</path>
	<source>
		<database>Unknown</database>
	</source>
	<size>
		<width>640</width>
		<height>480</height>
		<depth>3</depth>
	</size>
	<segmented>0</segmented>
	<object>
		<name>H</name>
		<pose>Unspecified</pose>
		<truncated>0</truncated>
		<difficult>0</difficult>
		<bndbox>
			<xmin>177</xmin>
			<ymin>173</ymin>
			<xmax>593</xmax>
			<ymax>424</ymax>
		</bndbox>
	</object>
</annotation>
