<annotation>
	<folder>img</folder>
	<filename>I.567dabd8-a2dc-11eb-b058-302432ef85a7.jpg</filename>
	<path>C:\Object_detection\models-master\research\object_detection\img\I.567dabd8-a2dc-11eb-b058-302432ef85a7.jpg</path>
	<source>
		<database>Unknown</database>
	</source>
	<size>
		<width>640</width>
		<height>480</height>
		<depth>3</depth>
	</size>
	<segmented>0</segmented>
	<object>
		<name>I</name>
		<pose>Unspecified</pose>
		<truncated>0</truncated>
		<difficult>0</difficult>
		<bndbox>
			<xmin>125</xmin>
			<ymin>68</ymin>
			<xmax>328</xmax>
			<ymax>388</ymax>
		</bndbox>
	</object>
</annotation>
