<annotation>
	<folder>img</folder>
	<filename>I.57b0df66-a2dc-11eb-9ece-302432ef85a7.jpg</filename>
	<path>C:\Object_detection\models-master\research\object_detection\img\I.57b0df66-a2dc-11eb-9ece-302432ef85a7.jpg</path>
	<source>
		<database>Unknown</database>
	</source>
	<size>
		<width>640</width>
		<height>480</height>
		<depth>3</depth>
	</size>
	<segmented>0</segmented>
	<object>
		<name>I</name>
		<pose>Unspecified</pose>
		<truncated>0</truncated>
		<difficult>0</difficult>
		<bndbox>
			<xmin>125</xmin>
			<ymin>62</ymin>
			<xmax>326</xmax>
			<ymax>375</ymax>
		</bndbox>
	</object>
</annotation>
