<annotation>
	<folder>img</folder>
	<filename>j.d706e24c-a2e9-11eb-a119-302432ef85a7.jpg</filename>
	<path>C:\Object_detection\models-master\research\object_detection\img\j.d706e24c-a2e9-11eb-a119-302432ef85a7.jpg</path>
	<source>
		<database>Unknown</database>
	</source>
	<size>
		<width>640</width>
		<height>480</height>
		<depth>3</depth>
	</size>
	<segmented>0</segmented>
	<object>
		<name>J</name>
		<pose>Unspecified</pose>
		<truncated>0</truncated>
		<difficult>0</difficult>
		<bndbox>
			<xmin>340</xmin>
			<ymin>54</ymin>
			<xmax>546</xmax>
			<ymax>428</ymax>
		</bndbox>
	</object>
</annotation>
