<annotation>
	<folder>img</folder>
	<filename>K.e643e458-a2e5-11eb-b595-302432ef85a7.jpg</filename>
	<path>C:\Object_detection\models-master\research\object_detection\img\K.e643e458-a2e5-11eb-b595-302432ef85a7.jpg</path>
	<source>
		<database>Unknown</database>
	</source>
	<size>
		<width>640</width>
		<height>480</height>
		<depth>3</depth>
	</size>
	<segmented>0</segmented>
	<object>
		<name>K</name>
		<pose>Unspecified</pose>
		<truncated>0</truncated>
		<difficult>0</difficult>
		<bndbox>
			<xmin>151</xmin>
			<ymin>61</ymin>
			<xmax>393</xmax>
			<ymax>375</ymax>
		</bndbox>
	</object>
</annotation>
