<annotation>
	<folder>img</folder>
	<filename>K.e9e8d918-a2e5-11eb-8ac4-302432ef85a7.jpg</filename>
	<path>C:\Object_detection\models-master\research\object_detection\img\K.e9e8d918-a2e5-11eb-8ac4-302432ef85a7.jpg</path>
	<source>
		<database>Unknown</database>
	</source>
	<size>
		<width>640</width>
		<height>480</height>
		<depth>3</depth>
	</size>
	<segmented>0</segmented>
	<object>
		<name>K</name>
		<pose>Unspecified</pose>
		<truncated>0</truncated>
		<difficult>0</difficult>
		<bndbox>
			<xmin>194</xmin>
			<ymin>29</ymin>
			<xmax>428</xmax>
			<ymax>350</ymax>
		</bndbox>
	</object>
</annotation>
