<annotation>
	<folder>img</folder>
	<filename>K.eb1e9d62-a2e5-11eb-86eb-302432ef85a7.jpg</filename>
	<path>C:\Object_detection\models-master\research\object_detection\img\K.eb1e9d62-a2e5-11eb-86eb-302432ef85a7.jpg</path>
	<source>
		<database>Unknown</database>
	</source>
	<size>
		<width>640</width>
		<height>480</height>
		<depth>3</depth>
	</size>
	<segmented>0</segmented>
	<object>
		<name>K</name>
		<pose>Unspecified</pose>
		<truncated>0</truncated>
		<difficult>0</difficult>
		<bndbox>
			<xmin>141</xmin>
			<ymin>65</ymin>
			<xmax>386</xmax>
			<ymax>408</ymax>
		</bndbox>
	</object>
</annotation>
