<annotation>
	<folder>img</folder>
	<filename>L.7be2a0d4-a2dc-11eb-b277-302432ef85a7.jpg</filename>
	<path>C:\Object_detection\models-master\research\object_detection\img\L.7be2a0d4-a2dc-11eb-b277-302432ef85a7.jpg</path>
	<source>
		<database>Unknown</database>
	</source>
	<size>
		<width>640</width>
		<height>480</height>
		<depth>3</depth>
	</size>
	<segmented>0</segmented>
	<object>
		<name>L</name>
		<pose>Unspecified</pose>
		<truncated>1</truncated>
		<difficult>0</difficult>
		<bndbox>
			<xmin>29</xmin>
			<ymin>1</ymin>
			<xmax>343</xmax>
			<ymax>406</ymax>
		</bndbox>
	</object>
</annotation>
