<annotation>
	<folder>img</folder>
	<filename>L.7f86aa5e-a2dc-11eb-a8d3-302432ef85a7.jpg</filename>
	<path>C:\Object_detection\models-master\research\object_detection\img\L.7f86aa5e-a2dc-11eb-a8d3-302432ef85a7.jpg</path>
	<source>
		<database>Unknown</database>
	</source>
	<size>
		<width>640</width>
		<height>480</height>
		<depth>3</depth>
	</size>
	<segmented>0</segmented>
	<object>
		<name>L</name>
		<pose>Unspecified</pose>
		<truncated>0</truncated>
		<difficult>0</difficult>
		<bndbox>
			<xmin>41</xmin>
			<ymin>14</ymin>
			<xmax>299</xmax>
			<ymax>366</ymax>
		</bndbox>
	</object>
</annotation>
