<annotation>
	<folder>img</folder>
	<filename>L.80bbbb64-a2dc-11eb-939b-302432ef85a7.jpg</filename>
	<path>C:\Object_detection\models-master\research\object_detection\img\L.80bbbb64-a2dc-11eb-939b-302432ef85a7.jpg</path>
	<source>
		<database>Unknown</database>
	</source>
	<size>
		<width>640</width>
		<height>480</height>
		<depth>3</depth>
	</size>
	<segmented>0</segmented>
	<object>
		<name>L</name>
		<pose>Unspecified</pose>
		<truncated>1</truncated>
		<difficult>0</difficult>
		<bndbox>
			<xmin>1</xmin>
			<ymin>78</ymin>
			<xmax>225</xmax>
			<ymax>437</ymax>
		</bndbox>
	</object>
</annotation>
