<annotation>
	<folder>img</folder>
	<filename>L.858e6c66-a2dc-11eb-b028-302432ef85a7.jpg</filename>
	<path>C:\Object_detection\models-master\research\object_detection\img\L.858e6c66-a2dc-11eb-b028-302432ef85a7.jpg</path>
	<source>
		<database>Unknown</database>
	</source>
	<size>
		<width>640</width>
		<height>480</height>
		<depth>3</depth>
	</size>
	<segmented>0</segmented>
	<object>
		<name>L</name>
		<pose>Unspecified</pose>
		<truncated>0</truncated>
		<difficult>0</difficult>
		<bndbox>
			<xmin>12</xmin>
			<ymin>7</ymin>
			<xmax>296</xmax>
			<ymax>374</ymax>
		</bndbox>
	</object>
</annotation>
