<annotation>
	<folder>img</folder>
	<filename>L.87f814a6-a2dc-11eb-9b61-302432ef85a7.jpg</filename>
	<path>C:\Object_detection\models-master\research\object_detection\img\L.87f814a6-a2dc-11eb-9b61-302432ef85a7.jpg</path>
	<source>
		<database>Unknown</database>
	</source>
	<size>
		<width>640</width>
		<height>480</height>
		<depth>3</depth>
	</size>
	<segmented>0</segmented>
	<object>
		<name>L</name>
		<pose>Unspecified</pose>
		<truncated>0</truncated>
		<difficult>0</difficult>
		<bndbox>
			<xmin>28</xmin>
			<ymin>20</ymin>
			<xmax>301</xmax>
			<ymax>361</ymax>
		</bndbox>
	</object>
</annotation>
