<annotation>
	<folder>img</folder>
	<filename>M.8cbe250a-a2dc-11eb-8a52-302432ef85a7.jpg</filename>
	<path>C:\Object_detection\models-master\research\object_detection\img\M.8cbe250a-a2dc-11eb-8a52-302432ef85a7.jpg</path>
	<source>
		<database>Unknown</database>
	</source>
	<size>
		<width>640</width>
		<height>480</height>
		<depth>3</depth>
	</size>
	<segmented>0</segmented>
	<object>
		<name>M</name>
		<pose>Unspecified</pose>
		<truncated>0</truncated>
		<difficult>0</difficult>
		<bndbox>
			<xmin>225</xmin>
			<ymin>187</ymin>
			<xmax>424</xmax>
			<ymax>435</ymax>
		</bndbox>
	</object>
</annotation>
