<annotation>
	<folder>img</folder>
	<filename>M.8df209a8-a2dc-11eb-b211-302432ef85a7.jpg</filename>
	<path>C:\Object_detection\models-master\research\object_detection\img\M.8df209a8-a2dc-11eb-b211-302432ef85a7.jpg</path>
	<source>
		<database>Unknown</database>
	</source>
	<size>
		<width>640</width>
		<height>480</height>
		<depth>3</depth>
	</size>
	<segmented>0</segmented>
	<object>
		<name>M</name>
		<pose>Unspecified</pose>
		<truncated>0</truncated>
		<difficult>0</difficult>
		<bndbox>
			<xmin>106</xmin>
			<ymin>61</ymin>
			<xmax>311</xmax>
			<ymax>308</ymax>
		</bndbox>
	</object>
</annotation>
