<annotation>
	<folder>img</folder>
	<filename>M.98d3e112-a2dc-11eb-8b32-302432ef85a7.jpg</filename>
	<path>C:\Object_detection\models-master\research\object_detection\img\M.98d3e112-a2dc-11eb-8b32-302432ef85a7.jpg</path>
	<source>
		<database>Unknown</database>
	</source>
	<size>
		<width>640</width>
		<height>480</height>
		<depth>3</depth>
	</size>
	<segmented>0</segmented>
	<object>
		<name>M</name>
		<pose>Unspecified</pose>
		<truncated>0</truncated>
		<difficult>0</difficult>
		<bndbox>
			<xmin>223</xmin>
			<ymin>68</ymin>
			<xmax>442</xmax>
			<ymax>332</ymax>
		</bndbox>
	</object>
</annotation>
