<annotation>
	<folder>img</folder>
	<filename>M.9a09724c-a2dc-11eb-a667-302432ef85a7.jpg</filename>
	<path>C:\Object_detection\models-master\research\object_detection\img\M.9a09724c-a2dc-11eb-a667-302432ef85a7.jpg</path>
	<source>
		<database>Unknown</database>
	</source>
	<size>
		<width>640</width>
		<height>480</height>
		<depth>3</depth>
	</size>
	<segmented>0</segmented>
	<object>
		<name>M</name>
		<pose>Unspecified</pose>
		<truncated>0</truncated>
		<difficult>0</difficult>
		<bndbox>
			<xmin>310</xmin>
			<ymin>105</ymin>
			<xmax>518</xmax>
			<ymax>359</ymax>
		</bndbox>
	</object>
</annotation>
