<annotation>
	<folder>img</folder>
	<filename>N.a006d738-a2dc-11eb-a914-302432ef85a7.jpg</filename>
	<path>C:\Object_detection\models-master\research\object_detection\img\N.a006d738-a2dc-11eb-a914-302432ef85a7.jpg</path>
	<source>
		<database>Unknown</database>
	</source>
	<size>
		<width>640</width>
		<height>480</height>
		<depth>3</depth>
	</size>
	<segmented>0</segmented>
	<object>
		<name>N</name>
		<pose>Unspecified</pose>
		<truncated>0</truncated>
		<difficult>0</difficult>
		<bndbox>
			<xmin>104</xmin>
			<ymin>173</ymin>
			<xmax>284</xmax>
			<ymax>408</ymax>
		</bndbox>
	</object>
</annotation>
