<annotation>
	<folder>img</folder>
	<filename>N.a13bdd00-a2dc-11eb-bbd2-302432ef85a7.jpg</filename>
	<path>C:\Object_detection\models-master\research\object_detection\img\N.a13bdd00-a2dc-11eb-bbd2-302432ef85a7.jpg</path>
	<source>
		<database>Unknown</database>
	</source>
	<size>
		<width>640</width>
		<height>480</height>
		<depth>3</depth>
	</size>
	<segmented>0</segmented>
	<object>
		<name>N</name>
		<pose>Unspecified</pose>
		<truncated>0</truncated>
		<difficult>0</difficult>
		<bndbox>
			<xmin>113</xmin>
			<ymin>167</ymin>
			<xmax>286</xmax>
			<ymax>395</ymax>
		</bndbox>
	</object>
</annotation>
