<annotation>
	<folder>img</folder>
	<filename>N.a4def334-a2dc-11eb-a29f-302432ef85a7.jpg</filename>
	<path>C:\Object_detection\models-master\research\object_detection\img\N.a4def334-a2dc-11eb-a29f-302432ef85a7.jpg</path>
	<source>
		<database>Unknown</database>
	</source>
	<size>
		<width>640</width>
		<height>480</height>
		<depth>3</depth>
	</size>
	<segmented>0</segmented>
	<object>
		<name>N</name>
		<pose>Unspecified</pose>
		<truncated>0</truncated>
		<difficult>0</difficult>
		<bndbox>
			<xmin>8</xmin>
			<ymin>144</ymin>
			<xmax>204</xmax>
			<ymax>414</ymax>
		</bndbox>
	</object>
</annotation>
