<annotation>
	<folder>img</folder>
	<filename>O.b5c47398-a2dc-11eb-bfe8-302432ef85a7.jpg</filename>
	<path>C:\Object_detection\models-master\research\object_detection\img\O.b5c47398-a2dc-11eb-bfe8-302432ef85a7.jpg</path>
	<source>
		<database>Unknown</database>
	</source>
	<size>
		<width>640</width>
		<height>480</height>
		<depth>3</depth>
	</size>
	<segmented>0</segmented>
	<object>
		<name>O</name>
		<pose>Unspecified</pose>
		<truncated>0</truncated>
		<difficult>0</difficult>
		<bndbox>
			<xmin>247</xmin>
			<ymin>28</ymin>
			<xmax>542</xmax>
			<ymax>428</ymax>
		</bndbox>
	</object>
</annotation>
