<annotation>
	<folder>img</folder>
	<filename>O.b6fadd46-a2dc-11eb-9615-302432ef85a7.jpg</filename>
	<path>C:\Object_detection\models-master\research\object_detection\img\O.b6fadd46-a2dc-11eb-9615-302432ef85a7.jpg</path>
	<source>
		<database>Unknown</database>
	</source>
	<size>
		<width>640</width>
		<height>480</height>
		<depth>3</depth>
	</size>
	<segmented>0</segmented>
	<object>
		<name>O</name>
		<pose>Unspecified</pose>
		<truncated>0</truncated>
		<difficult>0</difficult>
		<bndbox>
			<xmin>92</xmin>
			<ymin>59</ymin>
			<xmax>329</xmax>
			<ymax>380</ymax>
		</bndbox>
	</object>
</annotation>
