<annotation>
	<folder>img</folder>
	<filename>O.b964ba18-a2dc-11eb-a26e-302432ef85a7.jpg</filename>
	<path>C:\Object_detection\models-master\research\object_detection\img\O.b964ba18-a2dc-11eb-a26e-302432ef85a7.jpg</path>
	<source>
		<database>Unknown</database>
	</source>
	<size>
		<width>640</width>
		<height>480</height>
		<depth>3</depth>
	</size>
	<segmented>0</segmented>
	<object>
		<name>O</name>
		<pose>Unspecified</pose>
		<truncated>0</truncated>
		<difficult>0</difficult>
		<bndbox>
			<xmin>240</xmin>
			<ymin>33</ymin>
			<xmax>424</xmax>
			<ymax>305</ymax>
		</bndbox>
	</object>
</annotation>
