<annotation>
	<folder>img</folder>
	<filename>P.c308252e-a2dc-11eb-8687-302432ef85a7.jpg</filename>
	<path>C:\Object_detection\models-master\research\object_detection\img\P.c308252e-a2dc-11eb-8687-302432ef85a7.jpg</path>
	<source>
		<database>Unknown</database>
	</source>
	<size>
		<width>640</width>
		<height>480</height>
		<depth>3</depth>
	</size>
	<segmented>0</segmented>
	<object>
		<name>P</name>
		<pose>Unspecified</pose>
		<truncated>0</truncated>
		<difficult>0</difficult>
		<bndbox>
			<xmin>233</xmin>
			<ymin>31</ymin>
			<xmax>437</xmax>
			<ymax>347</ymax>
		</bndbox>
	</object>
</annotation>
