<annotation>
	<folder>img</folder>
	<filename>P.c7df278a-a2dc-11eb-b940-302432ef85a7.jpg</filename>
	<path>C:\Object_detection\models-master\research\object_detection\img\P.c7df278a-a2dc-11eb-b940-302432ef85a7.jpg</path>
	<source>
		<database>Unknown</database>
	</source>
	<size>
		<width>640</width>
		<height>480</height>
		<depth>3</depth>
	</size>
	<segmented>0</segmented>
	<object>
		<name>P</name>
		<pose>Unspecified</pose>
		<truncated>1</truncated>
		<difficult>0</difficult>
		<bndbox>
			<xmin>366</xmin>
			<ymin>15</ymin>
			<xmax>640</xmax>
			<ymax>383</ymax>
		</bndbox>
	</object>
</annotation>
