<annotation>
	<folder>img</folder>
	<filename>P.ca49493a-a2dc-11eb-a259-302432ef85a7.jpg</filename>
	<path>C:\Object_detection\models-master\research\object_detection\img\P.ca49493a-a2dc-11eb-a259-302432ef85a7.jpg</path>
	<source>
		<database>Unknown</database>
	</source>
	<size>
		<width>640</width>
		<height>480</height>
		<depth>3</depth>
	</size>
	<segmented>0</segmented>
	<object>
		<name>P</name>
		<pose>Unspecified</pose>
		<truncated>0</truncated>
		<difficult>0</difficult>
		<bndbox>
			<xmin>133</xmin>
			<ymin>50</ymin>
			<xmax>337</xmax>
			<ymax>383</ymax>
		</bndbox>
	</object>
</annotation>
