<annotation>
	<folder>img</folder>
	<filename>P.ccb57aba-a2dc-11eb-9863-302432ef85a7.jpg</filename>
	<path>C:\Object_detection\models-master\research\object_detection\img\P.ccb57aba-a2dc-11eb-9863-302432ef85a7.jpg</path>
	<source>
		<database>Unknown</database>
	</source>
	<size>
		<width>640</width>
		<height>480</height>
		<depth>3</depth>
	</size>
	<segmented>0</segmented>
	<object>
		<name>P</name>
		<pose>Unspecified</pose>
		<truncated>0</truncated>
		<difficult>0</difficult>
		<bndbox>
			<xmin>161</xmin>
			<ymin>56</ymin>
			<xmax>367</xmax>
			<ymax>386</ymax>
		</bndbox>
	</object>
</annotation>
