<annotation>
	<folder>img</folder>
	<filename>Q.d5234a6c-a2dc-11eb-9ec9-302432ef85a7.jpg</filename>
	<path>C:\Object_detection\models-master\research\object_detection\img\Q.d5234a6c-a2dc-11eb-9ec9-302432ef85a7.jpg</path>
	<source>
		<database>Unknown</database>
	</source>
	<size>
		<width>640</width>
		<height>480</height>
		<depth>3</depth>
	</size>
	<segmented>0</segmented>
	<object>
		<name>Q</name>
		<pose>Unspecified</pose>
		<truncated>1</truncated>
		<difficult>0</difficult>
		<bndbox>
			<xmin>60</xmin>
			<ymin>1</ymin>
			<xmax>242</xmax>
			<ymax>360</ymax>
		</bndbox>
	</object>
</annotation>
