<annotation>
	<folder>img</folder>
	<filename>Q.d9f8f036-a2dc-11eb-84f0-302432ef85a7.jpg</filename>
	<path>C:\Object_detection\models-master\research\object_detection\img\Q.d9f8f036-a2dc-11eb-84f0-302432ef85a7.jpg</path>
	<source>
		<database>Unknown</database>
	</source>
	<size>
		<width>640</width>
		<height>480</height>
		<depth>3</depth>
	</size>
	<segmented>0</segmented>
	<object>
		<name>Q</name>
		<pose>Unspecified</pose>
		<truncated>0</truncated>
		<difficult>0</difficult>
		<bndbox>
			<xmin>266</xmin>
			<ymin>38</ymin>
			<xmax>466</xmax>
			<ymax>469</ymax>
		</bndbox>
	</object>
</annotation>
