<annotation>
	<folder>img</folder>
	<filename>Q.dc63c012-a2dc-11eb-a852-302432ef85a7.jpg</filename>
	<path>C:\Object_detection\models-master\research\object_detection\img\Q.dc63c012-a2dc-11eb-a852-302432ef85a7.jpg</path>
	<source>
		<database>Unknown</database>
	</source>
	<size>
		<width>640</width>
		<height>480</height>
		<depth>3</depth>
	</size>
	<segmented>0</segmented>
	<object>
		<name>Q</name>
		<pose>Unspecified</pose>
		<truncated>0</truncated>
		<difficult>0</difficult>
		<bndbox>
			<xmin>205</xmin>
			<ymin>21</ymin>
			<xmax>403</xmax>
			<ymax>419</ymax>
		</bndbox>
	</object>
</annotation>
