<annotation>
	<folder>img</folder>
	<filename>R.00ce40e4-a2e6-11eb-9122-302432ef85a7.jpg</filename>
	<path>C:\Object_detection\models-master\research\object_detection\img\R.00ce40e4-a2e6-11eb-9122-302432ef85a7.jpg</path>
	<source>
		<database>Unknown</database>
	</source>
	<size>
		<width>640</width>
		<height>480</height>
		<depth>3</depth>
	</size>
	<segmented>0</segmented>
	<object>
		<name>R</name>
		<pose>Unspecified</pose>
		<truncated>0</truncated>
		<difficult>0</difficult>
		<bndbox>
			<xmin>146</xmin>
			<ymin>53</ymin>
			<xmax>329</xmax>
			<ymax>415</ymax>
		</bndbox>
	</object>
</annotation>
