<annotation>
	<folder>img</folder>
	<filename>R.033a0792-a2e6-11eb-bb73-302432ef85a7.jpg</filename>
	<path>C:\Object_detection\models-master\research\object_detection\img\R.033a0792-a2e6-11eb-bb73-302432ef85a7.jpg</path>
	<source>
		<database>Unknown</database>
	</source>
	<size>
		<width>640</width>
		<height>480</height>
		<depth>3</depth>
	</size>
	<segmented>0</segmented>
	<object>
		<name>R</name>
		<pose>Unspecified</pose>
		<truncated>1</truncated>
		<difficult>0</difficult>
		<bndbox>
			<xmin>61</xmin>
			<ymin>80</ymin>
			<xmax>261</xmax>
			<ymax>480</ymax>
		</bndbox>
	</object>
</annotation>
