<annotation>
	<folder>img</folder>
	<filename>R.f7221e34-a2e5-11eb-a0f9-302432ef85a7.jpg</filename>
	<path>C:\Object_detection\models-master\research\object_detection\img\R.f7221e34-a2e5-11eb-a0f9-302432ef85a7.jpg</path>
	<source>
		<database>Unknown</database>
	</source>
	<size>
		<width>640</width>
		<height>480</height>
		<depth>3</depth>
	</size>
	<segmented>0</segmented>
	<object>
		<name>R</name>
		<pose>Unspecified</pose>
		<truncated>0</truncated>
		<difficult>0</difficult>
		<bndbox>
			<xmin>241</xmin>
			<ymin>8</ymin>
			<xmax>433</xmax>
			<ymax>422</ymax>
		</bndbox>
	</object>
</annotation>
