<annotation>
	<folder>img</folder>
	<filename>R.f857d636-a2e5-11eb-af4b-302432ef85a7.jpg</filename>
	<path>C:\Object_detection\models-master\research\object_detection\img\R.f857d636-a2e5-11eb-af4b-302432ef85a7.jpg</path>
	<source>
		<database>Unknown</database>
	</source>
	<size>
		<width>640</width>
		<height>480</height>
		<depth>3</depth>
	</size>
	<segmented>0</segmented>
	<object>
		<name>R</name>
		<pose>Unspecified</pose>
		<truncated>0</truncated>
		<difficult>0</difficult>
		<bndbox>
			<xmin>74</xmin>
			<ymin>54</ymin>
			<xmax>255</xmax>
			<ymax>444</ymax>
		</bndbox>
	</object>
</annotation>
