<annotation>
	<folder>img</folder>
	<filename>R.fac34fb6-a2e5-11eb-a2e5-302432ef85a7.jpg</filename>
	<path>C:\Object_detection\models-master\research\object_detection\img\R.fac34fb6-a2e5-11eb-a2e5-302432ef85a7.jpg</path>
	<source>
		<database>Unknown</database>
	</source>
	<size>
		<width>640</width>
		<height>480</height>
		<depth>3</depth>
	</size>
	<segmented>0</segmented>
	<object>
		<name>R</name>
		<pose>Unspecified</pose>
		<truncated>1</truncated>
		<difficult>0</difficult>
		<bndbox>
			<xmin>158</xmin>
			<ymin>86</ymin>
			<xmax>356</xmax>
			<ymax>480</ymax>
		</bndbox>
	</object>
</annotation>
