<annotation>
	<folder>img</folder>
	<filename>S.fbb99aee-a2dc-11eb-8eb7-302432ef85a7.jpg</filename>
	<path>C:\Object_detection\models-master\research\object_detection\img\S.fbb99aee-a2dc-11eb-8eb7-302432ef85a7.jpg</path>
	<source>
		<database>Unknown</database>
	</source>
	<size>
		<width>640</width>
		<height>480</height>
		<depth>3</depth>
	</size>
	<segmented>0</segmented>
	<object>
		<name>S</name>
		<pose>Unspecified</pose>
		<truncated>0</truncated>
		<difficult>0</difficult>
		<bndbox>
			<xmin>257</xmin>
			<ymin>105</ymin>
			<xmax>445</xmax>
			<ymax>314</ymax>
		</bndbox>
	</object>
</annotation>
