<annotation>
	<folder>img</folder>
	<filename>U.21249c46-a2dd-11eb-97e8-302432ef85a7.jpg</filename>
	<path>C:\Object_detection\models-master\research\object_detection\img\U.21249c46-a2dd-11eb-97e8-302432ef85a7.jpg</path>
	<source>
		<database>Unknown</database>
	</source>
	<size>
		<width>640</width>
		<height>480</height>
		<depth>3</depth>
	</size>
	<segmented>0</segmented>
	<object>
		<name>U</name>
		<pose>Unspecified</pose>
		<truncated>0</truncated>
		<difficult>0</difficult>
		<bndbox>
			<xmin>130</xmin>
			<ymin>96</ymin>
			<xmax>289</xmax>
			<ymax>464</ymax>
		</bndbox>
	</object>
</annotation>
