<annotation>
	<folder>img</folder>
	<filename>U.225ab5c8-a2dd-11eb-a269-302432ef85a7.jpg</filename>
	<path>C:\Object_detection\models-master\research\object_detection\img\U.225ab5c8-a2dd-11eb-a269-302432ef85a7.jpg</path>
	<source>
		<database>Unknown</database>
	</source>
	<size>
		<width>640</width>
		<height>480</height>
		<depth>3</depth>
	</size>
	<segmented>0</segmented>
	<object>
		<name>U</name>
		<pose>Unspecified</pose>
		<truncated>0</truncated>
		<difficult>0</difficult>
		<bndbox>
			<xmin>132</xmin>
			<ymin>113</ymin>
			<xmax>285</xmax>
			<ymax>474</ymax>
		</bndbox>
	</object>
</annotation>
