<annotation>
	<folder>img</folder>
	<filename>U.25fe4112-a2dd-11eb-a0eb-302432ef85a7.jpg</filename>
	<path>C:\Object_detection\models-master\research\object_detection\img\U.25fe4112-a2dd-11eb-a0eb-302432ef85a7.jpg</path>
	<source>
		<database>Unknown</database>
	</source>
	<size>
		<width>640</width>
		<height>480</height>
		<depth>3</depth>
	</size>
	<segmented>0</segmented>
	<object>
		<name>U</name>
		<pose>Unspecified</pose>
		<truncated>0</truncated>
		<difficult>0</difficult>
		<bndbox>
			<xmin>282</xmin>
			<ymin>41</ymin>
			<xmax>455</xmax>
			<ymax>440</ymax>
		</bndbox>
	</object>
</annotation>
