<annotation>
	<folder>img</folder>
	<filename>U.2868ff4a-a2dd-11eb-adf4-302432ef85a7.jpg</filename>
	<path>C:\Object_detection\models-master\research\object_detection\img\U.2868ff4a-a2dd-11eb-adf4-302432ef85a7.jpg</path>
	<source>
		<database>Unknown</database>
	</source>
	<size>
		<width>640</width>
		<height>480</height>
		<depth>3</depth>
	</size>
	<segmented>0</segmented>
	<object>
		<name>U</name>
		<pose>Unspecified</pose>
		<truncated>0</truncated>
		<difficult>0</difficult>
		<bndbox>
			<xmin>227</xmin>
			<ymin>49</ymin>
			<xmax>395</xmax>
			<ymax>433</ymax>
		</bndbox>
	</object>
</annotation>
