<annotation>
	<folder>img</folder>
	<filename>V.3951d574-a2dd-11eb-a97d-302432ef85a7.jpg</filename>
	<path>C:\Object_detection\models-master\research\object_detection\img\V.3951d574-a2dd-11eb-a97d-302432ef85a7.jpg</path>
	<source>
		<database>Unknown</database>
	</source>
	<size>
		<width>640</width>
		<height>480</height>
		<depth>3</depth>
	</size>
	<segmented>0</segmented>
	<object>
		<name>V</name>
		<pose>Unspecified</pose>
		<truncated>0</truncated>
		<difficult>0</difficult>
		<bndbox>
			<xmin>241</xmin>
			<ymin>141</ymin>
			<xmax>410</xmax>
			<ymax>479</ymax>
		</bndbox>
	</object>
</annotation>
