<annotation>
	<folder>img</folder>
	<filename>W.42f06ad0-a2dd-11eb-80b0-302432ef85a7.jpg</filename>
	<path>C:\Object_detection\models-master\research\object_detection\img\W.42f06ad0-a2dd-11eb-80b0-302432ef85a7.jpg</path>
	<source>
		<database>Unknown</database>
	</source>
	<size>
		<width>640</width>
		<height>480</height>
		<depth>3</depth>
	</size>
	<segmented>0</segmented>
	<object>
		<name>W</name>
		<pose>Unspecified</pose>
		<truncated>0</truncated>
		<difficult>0</difficult>
		<bndbox>
			<xmin>64</xmin>
			<ymin>41</ymin>
			<xmax>261</xmax>
			<ymax>406</ymax>
		</bndbox>
	</object>
</annotation>
