<annotation>
	<folder>img</folder>
	<filename>W.455e2526-a2dd-11eb-b029-302432ef85a7.jpg</filename>
	<path>C:\Object_detection\models-master\research\object_detection\img\W.455e2526-a2dd-11eb-b029-302432ef85a7.jpg</path>
	<source>
		<database>Unknown</database>
	</source>
	<size>
		<width>640</width>
		<height>480</height>
		<depth>3</depth>
	</size>
	<segmented>0</segmented>
	<object>
		<name>W</name>
		<pose>Unspecified</pose>
		<truncated>0</truncated>
		<difficult>0</difficult>
		<bndbox>
			<xmin>336</xmin>
			<ymin>97</ymin>
			<xmax>501</xmax>
			<ymax>461</ymax>
		</bndbox>
	</object>
</annotation>
