<annotation>
	<folder>img</folder>
	<filename>W.47c760ec-a2dd-11eb-8ef9-302432ef85a7.jpg</filename>
	<path>C:\Object_detection\models-master\research\object_detection\img\W.47c760ec-a2dd-11eb-8ef9-302432ef85a7.jpg</path>
	<source>
		<database>Unknown</database>
	</source>
	<size>
		<width>640</width>
		<height>480</height>
		<depth>3</depth>
	</size>
	<segmented>0</segmented>
	<object>
		<name>W</name>
		<pose>Unspecified</pose>
		<truncated>1</truncated>
		<difficult>0</difficult>
		<bndbox>
			<xmin>385</xmin>
			<ymin>126</ymin>
			<xmax>558</xmax>
			<ymax>480</ymax>
		</bndbox>
	</object>
</annotation>
