<annotation>
	<folder>img</folder>
	<filename>W.48fe489e-a2dd-11eb-a99b-302432ef85a7.jpg</filename>
	<path>C:\Object_detection\models-master\research\object_detection\img\W.48fe489e-a2dd-11eb-a99b-302432ef85a7.jpg</path>
	<source>
		<database>Unknown</database>
	</source>
	<size>
		<width>640</width>
		<height>480</height>
		<depth>3</depth>
	</size>
	<segmented>0</segmented>
	<object>
		<name>W</name>
		<pose>Unspecified</pose>
		<truncated>1</truncated>
		<difficult>0</difficult>
		<bndbox>
			<xmin>266</xmin>
			<ymin>104</ymin>
			<xmax>440</xmax>
			<ymax>480</ymax>
		</bndbox>
	</object>
</annotation>
