<annotation>
	<folder>img</folder>
	<filename>X.53d43f7a-a2dd-11eb-a67d-302432ef85a7.jpg</filename>
	<path>C:\Object_detection\models-master\research\object_detection\img\X.53d43f7a-a2dd-11eb-a67d-302432ef85a7.jpg</path>
	<source>
		<database>Unknown</database>
	</source>
	<size>
		<width>640</width>
		<height>480</height>
		<depth>3</depth>
	</size>
	<segmented>0</segmented>
	<object>
		<name>X</name>
		<pose>Unspecified</pose>
		<truncated>0</truncated>
		<difficult>0</difficult>
		<bndbox>
			<xmin>143</xmin>
			<ymin>70</ymin>
			<xmax>348</xmax>
			<ymax>343</ymax>
		</bndbox>
	</object>
</annotation>
