<annotation>
	<folder>img</folder>
	<filename>X.563fb500-a2dd-11eb-b738-302432ef85a7.jpg</filename>
	<path>C:\Object_detection\models-master\research\object_detection\img\X.563fb500-a2dd-11eb-b738-302432ef85a7.jpg</path>
	<source>
		<database>Unknown</database>
	</source>
	<size>
		<width>640</width>
		<height>480</height>
		<depth>3</depth>
	</size>
	<segmented>0</segmented>
	<object>
		<name>X</name>
		<pose>Unspecified</pose>
		<truncated>0</truncated>
		<difficult>0</difficult>
		<bndbox>
			<xmin>142</xmin>
			<ymin>82</ymin>
			<xmax>343</xmax>
			<ymax>356</ymax>
		</bndbox>
	</object>
</annotation>
