<annotation>
	<folder>img</folder>
	<filename>X.5775e918-a2dd-11eb-9945-302432ef85a7.jpg</filename>
	<path>C:\Object_detection\models-master\research\object_detection\img\X.5775e918-a2dd-11eb-9945-302432ef85a7.jpg</path>
	<source>
		<database>Unknown</database>
	</source>
	<size>
		<width>640</width>
		<height>480</height>
		<depth>3</depth>
	</size>
	<segmented>0</segmented>
	<object>
		<name>X</name>
		<pose>Unspecified</pose>
		<truncated>0</truncated>
		<difficult>0</difficult>
		<bndbox>
			<xmin>182</xmin>
			<ymin>67</ymin>
			<xmax>378</xmax>
			<ymax>342</ymax>
		</bndbox>
	</object>
</annotation>
