<annotation>
	<folder>img</folder>
	<filename>Y.672641a6-a2dd-11eb-ad70-302432ef85a7.jpg</filename>
	<path>C:\Object_detection\models-master\research\object_detection\img\Y.672641a6-a2dd-11eb-ad70-302432ef85a7.jpg</path>
	<source>
		<database>Unknown</database>
	</source>
	<size>
		<width>640</width>
		<height>480</height>
		<depth>3</depth>
	</size>
	<segmented>0</segmented>
	<object>
		<name>Y</name>
		<pose>Unspecified</pose>
		<truncated>0</truncated>
		<difficult>0</difficult>
		<bndbox>
			<xmin>78</xmin>
			<ymin>39</ymin>
			<xmax>396</xmax>
			<ymax>308</ymax>
		</bndbox>
	</object>
</annotation>
