<annotation>
	<folder>img</folder>
	<filename>Y.685ab45a-a2dd-11eb-80c8-302432ef85a7.jpg</filename>
	<path>C:\Object_detection\models-master\research\object_detection\img\Y.685ab45a-a2dd-11eb-80c8-302432ef85a7.jpg</path>
	<source>
		<database>Unknown</database>
	</source>
	<size>
		<width>640</width>
		<height>480</height>
		<depth>3</depth>
	</size>
	<segmented>0</segmented>
	<object>
		<name>Y</name>
		<pose>Unspecified</pose>
		<truncated>0</truncated>
		<difficult>0</difficult>
		<bndbox>
			<xmin>76</xmin>
			<ymin>61</ymin>
			<xmax>392</xmax>
			<ymax>329</ymax>
		</bndbox>
	</object>
</annotation>
