<annotation>
	<folder>img</folder>
	<filename>Y.6f9f4940-a2dd-11eb-8e98-302432ef85a7.jpg</filename>
	<path>C:\Object_detection\models-master\research\object_detection\img\Y.6f9f4940-a2dd-11eb-8e98-302432ef85a7.jpg</path>
	<source>
		<database>Unknown</database>
	</source>
	<size>
		<width>640</width>
		<height>480</height>
		<depth>3</depth>
	</size>
	<segmented>0</segmented>
	<object>
		<name>Y</name>
		<pose>Unspecified</pose>
		<truncated>0</truncated>
		<difficult>0</difficult>
		<bndbox>
			<xmin>149</xmin>
			<ymin>89</ymin>
			<xmax>430</xmax>
			<ymax>343</ymax>
		</bndbox>
	</object>
</annotation>
