<annotation>
	<folder>img</folder>
	<filename>Y.70d49d5e-a2dd-11eb-be59-302432ef85a7.jpg</filename>
	<path>C:\Object_detection\models-master\research\object_detection\img\Y.70d49d5e-a2dd-11eb-be59-302432ef85a7.jpg</path>
	<source>
		<database>Unknown</database>
	</source>
	<size>
		<width>640</width>
		<height>480</height>
		<depth>3</depth>
	</size>
	<segmented>0</segmented>
	<object>
		<name>Y</name>
		<pose>Unspecified</pose>
		<truncated>0</truncated>
		<difficult>0</difficult>
		<bndbox>
			<xmin>130</xmin>
			<ymin>86</ymin>
			<xmax>452</xmax>
			<ymax>375</ymax>
		</bndbox>
	</object>
</annotation>
