<annotation>
	<folder>img</folder>
	<filename>Y.734014f0-a2dd-11eb-b0c4-302432ef85a7.jpg</filename>
	<path>C:\Object_detection\models-master\research\object_detection\img\Y.734014f0-a2dd-11eb-b0c4-302432ef85a7.jpg</path>
	<source>
		<database>Unknown</database>
	</source>
	<size>
		<width>640</width>
		<height>480</height>
		<depth>3</depth>
	</size>
	<segmented>0</segmented>
	<object>
		<name>Y</name>
		<pose>Unspecified</pose>
		<truncated>0</truncated>
		<difficult>0</difficult>
		<bndbox>
			<xmin>221</xmin>
			<ymin>19</ymin>
			<xmax>479</xmax>
			<ymax>290</ymax>
		</bndbox>
	</object>
</annotation>
