<annotation>
	<folder>img</folder>
	<filename>z.7f545d38-a2dd-11eb-b0c5-302432ef85a7.jpg</filename>
	<path>C:\Object_detection\models-master\research\object_detection\img\z.7f545d38-a2dd-11eb-b0c5-302432ef85a7.jpg</path>
	<source>
		<database>Unknown</database>
	</source>
	<size>
		<width>640</width>
		<height>480</height>
		<depth>3</depth>
	</size>
	<segmented>0</segmented>
	<object>
		<name>Z</name>
		<pose>Unspecified</pose>
		<truncated>0</truncated>
		<difficult>0</difficult>
		<bndbox>
			<xmin>114</xmin>
			<ymin>9</ymin>
			<xmax>303</xmax>
			<ymax>335</ymax>
		</bndbox>
	</object>
</annotation>
