<annotation>
	<folder>img</folder>
	<filename>z.82f4c53a-a2dd-11eb-9bf7-302432ef85a7.jpg</filename>
	<path>C:\Object_detection\models-master\research\object_detection\img\z.82f4c53a-a2dd-11eb-9bf7-302432ef85a7.jpg</path>
	<source>
		<database>Unknown</database>
	</source>
	<size>
		<width>640</width>
		<height>480</height>
		<depth>3</depth>
	</size>
	<segmented>0</segmented>
	<object>
		<name>Z</name>
		<pose>Unspecified</pose>
		<truncated>0</truncated>
		<difficult>0</difficult>
		<bndbox>
			<xmin>187</xmin>
			<ymin>126</ymin>
			<xmax>374</xmax>
			<ymax>458</ymax>
		</bndbox>
	</object>
</annotation>
