<annotation>
	<folder>img</folder>
	<filename>z.855e7e3a-a2dd-11eb-bab6-302432ef85a7.jpg</filename>
	<path>C:\Object_detection\models-master\research\object_detection\img\z.855e7e3a-a2dd-11eb-bab6-302432ef85a7.jpg</path>
	<source>
		<database>Unknown</database>
	</source>
	<size>
		<width>640</width>
		<height>480</height>
		<depth>3</depth>
	</size>
	<segmented>0</segmented>
	<object>
		<name>Z</name>
		<pose>Unspecified</pose>
		<truncated>0</truncated>
		<difficult>0</difficult>
		<bndbox>
			<xmin>294</xmin>
			<ymin>112</ymin>
			<xmax>494</xmax>
			<ymax>433</ymax>
		</bndbox>
	</object>
</annotation>
